{
  "ppq": 480,
  "bpm_default": 126.04801829268293,
  "beats_s": [
    3.030204081632653,
    3.5062131519274375,
    3.982222222222222,
    4.435011337868481,
    4.957460317460318,
    5.433469387755102,
    5.932698412698413,
    6.408707482993197,
    6.907936507936508,
    7.383945578231293,
    7.883174603174603,
    8.347573696145124,
    8.823582766439909,
    9.346031746031747,
    9.868480725623582,
    10.344489795918367,
    10.843718820861678,
    11.319727891156463,
    11.853786848072563,
    12.329795918367347,
    12.852244897959183,
    13.351473922902494,
    13.850702947845805,
    14.361541950113379,
    14.883990929705215,
    15.371609977324264,
    15.870839002267573,
    16.34684807256236,
    16.857687074829933,
    17.345306122448978,
    17.856145124716555,
    18.36698412698413,
    18.854603174603174,
    19.365442176870747,
    19.853061224489796,
    20.375510204081632,
    20.874739229024943,
    21.373968253968254,
    21.873197278911565,
    22.372426303854876,
    22.88326530612245,
    23.38249433106576,
    23.881723356009072,
    24.38095238095238,
    24.891791383219953,
    25.402630385487527,
    25.890249433106575,
    26.377868480725624,
    26.865487528344673,
    27.341496598639456,
    27.840725623582767,
    28.339954648526078,
    28.792743764172336,
    29.30358276643991,
    29.80281179138322,
    30.26721088435374,
    30.778049886621314,
    31.2540589569161,
    31.730068027210883,
    32.19446712018141,
    32.69369614512472,
    33.158095238095235,
    33.66893424036281,
    34.11011337868481,
    34.57451247165533,
    35.05052154195011,
    35.514920634920635,
    36.002539682539684,
    36.443718820861676,
    36.91972789115646,
    37.40734693877551,
    37.871746031746035,
    38.39419501133787,
    38.846984126984125,
    39.31138321995465,
    39.7990022675737,
    40.27501133786848,
    40.72780045351474,
    41.180589569161,
    41.66820861678004,
    42.132607709750566,
    42.58539682539683,
    43.049795918367344,
    43.56063492063492,
    44.04825396825397,
    44.55909297052154,
    44.98866213151928,
    45.453061224489794,
    45.94068027210884,
    46.40507936507937,
    46.85786848072562,
    47.29904761904762,
    47.751836734693875,
    48.22784580498866,
    48.68063492063492,
    49.1566439909297,
    49.621043083900226,
    50.12027210884354,
    50.58467120181406,
    51.07229024943311,
    51.525079365079364,
    52.01269841269841,
    52.50031746031746,
    52.99954648526077,
    53.48716553287982,
    53.9631746031746,
    54.43918367346939,
    54.91519274376417,
    55.3795918367347,
    55.843990929705214,
    56.296780045351476,
    56.73795918367347,
    57.20235827664399,
    57.67836734693878,
    58.11954648526077,
    58.57233560090703,
    59.03673469387755,
    59.50113378684807,
    59.953922902494334,
    60.42993197278911,
    60.9059410430839,
    61.37034013605442,
    61.83473922902494,
    62.31074829931973,
    62.751927437641726,
    63.21632653061224,
    63.70394557823129,
    64.19156462585035,
    64.67918367346938,
    65.15519274376418,
    65.63120181405895,
    66.14204081632653,
    66.62965986394558,
    67.10566893424036,
    67.57006802721088,
    68.0344671201814,
    68.53369614512472,
    69.02131519274377,
    69.52054421768707,
    69.96172335600907,
    70.41451247165533,
    70.89052154195011,
    71.40136054421768,
    71.88897959183673,
    72.341768707483,
    72.82938775510205,
    73.30539682539683,
    73.7814058956916,
    74.28063492063492,
    74.74503401360545,
    75.22104308390023,
    75.72027210884353,
    76.18467120181406,
    76.6722902494331,
    77.1482993197279,
    77.6126984126984,
    78.07709750566893,
    78.5298866213152,
    78.99428571428571,
    79.45868480725623,
    79.91147392290249,
    80.36426303854876,
    80.81705215419501,
    81.29306122448979,
    81.76907029478458,
    82.24507936507936,
    82.70947845804989,
    83.20870748299319,
    83.68471655328798,
    84.16072562358276,
    84.63673469387756,
    85.11274376417234,
    85.58875283446712,
    86.05315192743764,
    86.51755102040816,
    86.98195011337869,
    87.46956916099774,
    87.95718820861678,
    88.44480725623583,
    88.93242630385488,
    89.43165532879819,
    89.89605442176871,
    90.40689342403628,
    90.92934240362811,
    91.44018140589569,
    91.89297052154195,
    92.36897959183673,
    92.85659863945578,
    93.35582766439909,
    93.82022675736961,
    94.31945578231293,
    94.79546485260771,
    95.24825396825396,
    95.73587301587301,
    96.2118820861678,
    96.64145124716553,
    97.07102040816326,
    97.60507936507936,
    98.09269841269841,
    98.58031746031746,
    99.07954648526078,
    99.56716553287981,
    100.05478458049886,
    100.53079365079365,
    101.0184126984127,
    101.49442176870748,
    101.94721088435374,
    102.4,
    102.85278911564626,
    103.29396825396826,
    103.73514739229024,
    104.18793650793651,
    104.64072562358277,
    105.10512471655329,
    105.56952380952382,
    106.0455328798186,
    106.50993197278912,
    106.99755102040817,
    107.47356009070295,
    107.94956916099773,
    108.43718820861677,
    108.9015873015873,
    109.36598639455782,
    109.8419954648526,
    110.3180045351474,
    110.80562358276644,
    111.24680272108843,
    111.74603174603175,
    112.28009070294785,
    112.82575963718821,
    113.31337868480726,
    113.77777777777777,
    114.23056689342404,
    114.70657596371882,
    115.1825850340136,
    115.65859410430839,
    116.13460317460317,
    116.61061224489796,
    117.10984126984127,
    117.58585034013605,
    118.06185941043084,
    118.54947845804989,
    119.02548752834467,
    119.54793650793651,
    120.08199546485261,
    120.54639455782313,
    121.02240362811791,
    121.4984126984127,
    121.96281179138322,
    122.46204081632654,
    122.93804988662131,
    123.36761904761904,
    123.79718820861677,
    124.22675736961452,
    124.7027664399093,
    125.17877551020408,
    125.6431746031746,
    126.1191836734694,
    126.56036281179138,
    127.04798185941043,
    127.54721088435375,
    128.03482993197278,
    128.4992290249433,
    128.96362811791383,
    129.43963718820862,
    129.91564625850341,
    130.41487528344672,
    130.87927437641724,
    131.37850340136055,
    131.86612244897958,
    132.35374149659864,
    132.82975056689344,
    133.32897959183674,
    133.81659863945578,
    134.30421768707484,
    134.79183673469387,
    135.27945578231294,
    135.7554648526077,
    136.2314739229025,
    136.71909297052153,
    137.19510204081632,
    137.65950113378685,
    138.13551020408164,
    138.62312925170068,
    139.09913832199547,
    139.57514739229026,
    140.08598639455784,
    140.5619954648526,
    141.02639455782312,
    141.49079365079365,
    141.95519274376417,
    142.40798185941043,
    142.87238095238095,
    143.37160997732425,
    143.85922902494332,
    144.32362811791384,
    144.81124716553288,
    145.26403628117913,
    145.72843537414965,
    146.19283446712018,
    146.6572335600907,
    147.1332426303855,
    147.57442176870748,
    147.98077097505669,
    148.46839002267575,
    148.95600907029478,
    149.44362811791385,
    149.87319727891156,
    150.31437641723355,
    150.75555555555556,
    151.18512471655328,
    151.67274376417234,
    152.13714285714286,
    152.6015419501134,
    153.0659410430839,
    153.51873015873016,
    153.97151927437642,
    154.42430839002267,
    154.87709750566893,
    155.34149659863945,
    155.80589569160998,
    156.2702947845805,
    156.68825396825397,
    157.19909297052155,
    157.6751020408163,
    158.16272108843538,
    158.6503401360544,
    159.06829931972788,
    159.54430839002268,
    160.0087074829932,
    160.47310657596373,
    160.92589569160998,
    161.3902947845805,
    161.85469387755103,
    162.3307029478458,
    162.79510204081632,
    163.2711111111111,
    163.72390022675737,
    164.1882993197279,
